request,status,ms,result_count
1,OK,0.01,1
2,OK,0.0,1
3,OK,0.0,1
4,OK,0.0,1
5,OK,0.0,1
6,OK,0.0,1
7,OK,0.0,1
8,OK,0.0,1
9,OK,0.0,1
10,OK,0.0,1
11,OK,0.0,1
12,OK,0.0,1
13,OK,0.0,1
14,OK,0.0,1
15,OK,0.0,1
16,OK,0.0,1
17,OK,0.0,1
18,OK,0.01,1
19,OK,0.0,1
20,OK,0.0,1
21,OK,0.0,1
22,OK,0.0,1
23,OK,0.0,1
24,OK,0.0,1
25,OK,0.0,1
26,OK,0.0,1
27,OK,0.0,1
28,OK,0.0,1
29,OK,0.0,1
30,OK,0.0,1
31,OK,0.0,1
32,OK,0.0,1
33,OK,0.0,1
34,OK,0.0,1
35,OK,0.0,1
36,OK,0.0,1
37,OK,0.0,1
38,OK,0.0,1
39,OK,0.0,1
40,OK,0.0,1
41,OK,0.0,1
42,OK,0.0,1
43,OK,0.0,1
44,OK,0.0,1
45,OK,0.0,1
46,OK,0.0,1
47,OK,0.0,1
48,OK,0.0,1
49,OK,0.0,1
50,OK,0.0,1
51,OK,0.0,1
52,OK,0.0,1
53,OK,0.0,1
54,OK,0.0,1
55,OK,0.0,1
56,OK,0.0,1
57,OK,0.0,1
58,OK,0.0,1
59,OK,0.0,1
60,OK,0.0,1
61,OK,0.0,1
62,OK,0.0,1
63,OK,0.0,1
64,OK,0.0,1
65,OK,0.0,1
66,OK,0.0,1
67,OK,0.0,1
68,OK,0.0,1
69,OK,0.0,1
70,OK,0.0,1
71,OK,0.0,1
72,OK,0.0,1
73,OK,0.0,1
74,OK,0.0,1
75,OK,0.0,1
76,OK,0.0,1
77,OK,0.0,1
78,OK,0.0,1
79,OK,0.0,1
80,OK,0.0,1
81,OK,0.0,1
82,OK,0.0,1
83,OK,0.0,1
84,OK,0.0,1
85,OK,0.0,1
86,OK,0.0,1
87,OK,0.0,1
88,OK,0.0,1
89,OK,0.0,1
90,OK,0.0,1
91,OK,0.0,1
92,OK,0.0,1
93,OK,0.0,1
94,OK,0.0,1
95,OK,0.0,1
96,OK,0.0,1
97,OK,0.0,1
98,OK,0.0,1
99,OK,0.0,1
100,OK,0.0,1
101,OK,0.0,1
102,OK,0.0,1
103,OK,0.0,1
104,OK,0.0,1
105,OK,0.0,1
106,OK,0.0,1
107,OK,0.0,1
108,OK,0.0,1
109,OK,0.0,1
110,OK,0.0,1
111,OK,0.0,1
112,OK,0.0,1
113,OK,0.0,1
114,OK,0.0,1
115,OK,0.0,1
116,OK,0.0,1
117,OK,0.0,1
118,OK,0.0,1
119,OK,0.0,1
120,OK,0.0,1
121,OK,0.0,1
122,OK,0.0,1
123,OK,0.0,1
124,OK,0.0,1
125,OK,0.0,1
126,OK,0.0,1
127,OK,0.0,1
128,OK,0.0,1
129,OK,0.0,1
130,OK,0.0,1
131,OK,0.0,1
132,OK,0.0,1
133,OK,0.0,1
134,OK,0.0,1
135,OK,0.0,1
136,OK,0.0,1
137,OK,0.0,1
138,OK,0.0,1
139,OK,0.0,1
140,OK,0.0,1
141,OK,0.0,1
142,OK,0.0,1
143,OK,0.0,1
144,OK,0.0,1
145,OK,0.0,1
146,OK,0.0,1
147,OK,0.0,1
148,OK,0.0,1
149,OK,0.0,1
150,OK,0.0,1
151,OK,0.0,1
152,OK,0.0,1
153,OK,0.0,1
154,OK,0.0,1
155,OK,0.0,1
156,OK,0.0,1
157,OK,0.0,1
158,OK,0.0,1
159,OK,0.0,1
160,OK,0.0,1
161,OK,0.0,1
162,OK,0.0,1
163,OK,0.0,1
164,OK,0.0,1
165,OK,0.0,1
166,OK,0.0,1
167,OK,0.0,1
168,OK,0.0,1
169,OK,0.0,1
170,OK,0.0,1
171,OK,0.0,1
172,OK,0.0,1
173,OK,0.0,1
174,OK,0.0,1
175,OK,0.0,1
176,OK,0.0,1
177,OK,0.0,1
178,OK,0.0,1
179,OK,0.0,1
180,OK,0.0,1
181,OK,0.0,1
182,OK,0.0,1
183,OK,0.0,1
184,OK,0.0,1
185,OK,0.0,1
186,OK,0.0,1
187,OK,0.0,1
188,OK,0.0,1
189,OK,0.0,1
190,OK,0.0,1
191,OK,0.0,1
192,OK,0.0,1
193,OK,0.0,1
194,OK,0.0,1
195,OK,0.0,1
196,OK,0.0,1
197,OK,0.0,1
198,OK,0.0,1
199,OK,0.0,1
200,OK,0.0,1
